"scene_id","status","action","reason","lookup_key","path","jav_code","guessed_studio","guessed_title","guessed_date","reviewed_studio","reviewed_title","reviewed_date","reviewed_code","notes"
"15151","pending","","jav code / metadata lookup","ABF-125","/downloads/usenet/_complete/xxx/Arata.Hashimoto.JAV.MegaPACK/Arata Hashimoto JAV MegaPACK_Arina.Hashimoto-ABF-125-JG9.mp4","ABF-125","Arata","Hashimoto JAV MegaPACK Arina Hashimoto ABF 125 JG9","","Arata","Hashimoto JAV MegaPACK Arina Hashimoto ABF 125 JG9","","ABF-125",""
"15283","pending","","jav code / metadata lookup","BOBB-207","/downloads/usenet/_complete/xxx/Komiya.Ryona.BOBB-207.JAV.Censored.DVDRip.x264-iCHiBaN/Komiya.Ryona.BOBB-207.JAV.Censored.DVDRip.x264-iCHiBaN.mp4","BOBB-207","Komiya","Ryona BOBB 207 JAV Censored","","Komiya","Ryona BOBB 207 JAV Censored","","BOBB-207",""
"15288","pending","","jav code / metadata lookup","BT-125","/downloads/usenet/_complete/xxx/Madame.Model.Collection.BT125.JAV.Uncensored.DVDRip.x264-APX/Madame.Model.Collection.BT125.JAV.Uncensored.DVDRip.x264-APX.mp4","BT-125","Madame","Model Collection BT125 JAV Uncensored","","Madame","Model Collection BT125 JAV Uncensored","","BT-125",""
"15237","pending","","jav code / metadata lookup","CT-35","/downloads/usenet/_complete/xxx/Go.To.The.Mixed.Bathing.Stall.Bath.By.A.Hitchihike.CT35.JAV.Uncensored.DVDRip.x264-APX/Go.To.The.Mixed.Bathing.Stall.Bath.By.A.Hitchihike.CT35.JAV.Uncensored.DVDRip.x264-APX.mp4","CT-35","Go","To The Mixed Bathing Stall Bath By A Hitchihike CT35 JAV Uncensored","","Go","To The Mixed Bathing Stall Bath By A Hitchihike CT35 JAV Uncensored","","CT-35",""
"15241","pending","","jav code / metadata lookup","DSAM-41","/downloads/usenet/_complete/xxx/H.Cup.Big.Tits.Maid.DSAM-41.JAV.Uncensored.DVDRip.x264-APX/H.Cup.Big.Tits.Maid.DSAM-41.JAV.Uncensored.DVDRip.x264-APX.mp4","DSAM-41","H","Cup Big Tits Maid DSAM 41 JAV Uncensored","","H","Cup Big Tits Maid DSAM 41 JAV Uncensored","","DSAM-41",""
"15235","pending","","jav code / metadata lookup","DSAM-46","/downloads/usenet/_complete/xxx/Fuck.With.Glamorous.DSAM46.JAV.Uncensored.DVDRip.x264-APX/Fuck.With.Glamorous.DSAM46.JAV.Uncensored.DVDRip.x264-APX.mp4","DSAM-46","Fuck","With Glamorous DSAM46 JAV Uncensored","","Fuck","With Glamorous DSAM46 JAV Uncensored","","DSAM-46",""
"15205","pending","","jav code / metadata lookup","EDD-219","/downloads/usenet/_complete/xxx/Ayu.Mitta.EDD-219.Jav.Censored.DVDRip.X264-MotTto/Ayu.Mitta.EDD-219.Jav.Censored.DVDRip.X264-MotTto.mp4","EDD-219","Ayu","Mitta EDD 219 Jav Censored","","Ayu","Mitta EDD 219 Jav Censored","","EDD-219",""
"15152","pending","","jav code / metadata lookup","FSDSS-055","/downloads/usenet/_complete/xxx/Arata.Hashimoto.JAV.MegaPACK/Arata Hashimoto JAV MegaPACK_Arina.Hashimoto-FSDSS-055.mp4","FSDSS-055","Arata","Hashimoto JAV MegaPACK Arina Hashimoto FSDSS 055","","Arata","Hashimoto JAV MegaPACK Arina Hashimoto FSDSS 055","","FSDSS-055",""
"15153","pending","","jav code / metadata lookup","FSDSS-078","/downloads/usenet/_complete/xxx/Arata.Hashimoto.JAV.MegaPACK/Arata Hashimoto JAV MegaPACK_Arina.Hashimoto-FSDSS-078.mp4","FSDSS-078","Arata","Hashimoto JAV MegaPACK Arina Hashimoto FSDSS 078","","Arata","Hashimoto JAV MegaPACK Arina Hashimoto FSDSS 078","","FSDSS-078",""
"15154","pending","","jav code / metadata lookup","FSDSS-127","/downloads/usenet/_complete/xxx/Arata.Hashimoto.JAV.MegaPACK/Arata Hashimoto JAV MegaPACK_Arina.Hashimoto-FSDSS-127.mp4","FSDSS-127","Arata","Hashimoto JAV MegaPACK Arina Hashimoto FSDSS 127","","Arata","Hashimoto JAV MegaPACK Arina Hashimoto FSDSS 127","","FSDSS-127",""
"15155","pending","","jav code / metadata lookup","FSDSS-259","/downloads/usenet/_complete/xxx/Arata.Hashimoto.JAV.MegaPACK/Arata Hashimoto JAV MegaPACK_Arina.Hashimoto-FSDSS-259.mp4","FSDSS-259","Arata","Hashimoto JAV MegaPACK Arina Hashimoto FSDSS 259","","Arata","Hashimoto JAV MegaPACK Arina Hashimoto FSDSS 259","","FSDSS-259",""
"15156","pending","","jav code / metadata lookup","FSDSS-274","/downloads/usenet/_complete/xxx/Arata.Hashimoto.JAV.MegaPACK/Arata Hashimoto JAV MegaPACK_Arina.Hashimoto-FSDSS-274-JG8.mp4","FSDSS-274","Arata","Hashimoto JAV MegaPACK Arina Hashimoto FSDSS 274 JG8","","Arata","Hashimoto JAV MegaPACK Arina Hashimoto FSDSS 274 JG8","","FSDSS-274",""
"15157","pending","","jav code / metadata lookup","FSDSS-304","/downloads/usenet/_complete/xxx/Arata.Hashimoto.JAV.MegaPACK/Arata Hashimoto JAV MegaPACK_Arina.Hashimoto-FSDSS-304.mp4","FSDSS-304","Arata","Hashimoto JAV MegaPACK Arina Hashimoto FSDSS 304","","Arata","Hashimoto JAV MegaPACK Arina Hashimoto FSDSS 304","","FSDSS-304",""
"15158","pending","","jav code / metadata lookup","FSDSS-320","/downloads/usenet/_complete/xxx/Arata.Hashimoto.JAV.MegaPACK/Arata Hashimoto JAV MegaPACK_Arina.Hashimoto-FSDSS-320.mp4","FSDSS-320","Arata","Hashimoto JAV MegaPACK Arina Hashimoto FSDSS 320","","Arata","Hashimoto JAV MegaPACK Arina Hashimoto FSDSS 320","","FSDSS-320",""
"15339","pending","","jav code / metadata lookup","FSDSS-335","/downloads/usenet/_complete/xxx/Arata.Hashimoto.JAV.MegaPACK/Arata Hashimoto JAV MegaPACK_Arina.Hashimoto-FSDSS-335.mp4","FSDSS-335","Arata","Hashimoto JAV MegaPACK Arina Hashimoto FSDSS 335","","Arata","Hashimoto JAV MegaPACK Arina Hashimoto FSDSS 335","","FSDSS-335",""
"15338","pending","","jav code / metadata lookup","FSDSS-376","/downloads/usenet/_complete/xxx/Arata.Hashimoto.JAV.MegaPACK/Arata Hashimoto JAV MegaPACK_Arina.Hashimoto-FSDSS-376.mp4","FSDSS-376","Arata","Hashimoto JAV MegaPACK Arina Hashimoto FSDSS 376","","Arata","Hashimoto JAV MegaPACK Arina Hashimoto FSDSS 376","","FSDSS-376",""
"15340","pending","","jav code / metadata lookup","FSDSS-421","/downloads/usenet/_complete/xxx/Arata.Hashimoto.JAV.MegaPACK/Arata Hashimoto JAV MegaPACK_Arina.Hashimoto-FSDSS-421.mp4","FSDSS-421","Arata","Hashimoto JAV MegaPACK Arina Hashimoto FSDSS 421","","Arata","Hashimoto JAV MegaPACK Arina Hashimoto FSDSS 421","","FSDSS-421",""
"15310","pending","","jav code / metadata lookup","IENE-529","/downloads/usenet/_complete/xxx/Ruri.Saijo.Mega.Pack.v1.1.Update.(2.Videos)-TrollHD.XXX/Ruri Saijo/[IENE-529] Staying 3 Days Eating and Sleeping With Super Beautiful Soapland Girl (2015).mkv","IENE-529","[IENE","529] Staying 3 Days Eating and Sleeping With Super Beautiful Soapland Girl (2015)","","[IENE","529] Staying 3 Days Eating and Sleeping With Super Beautiful Soapland Girl (2015)","","IENE-529",""
"15311","pending","","jav code / metadata lookup","IESP-605","/downloads/usenet/_complete/xxx/Ruri.Saijo.Mega.Pack.v1.1.Update.(2.Videos)-TrollHD.XXX/Ruri Saijo/[IESP-605] Twenty Successive Creampies For The Boss's Secretary (2015).mkv","IESP-605","[IESP","605] Twenty Successive Creampies For The Boss's Secretary (2015)","","[IESP","605] Twenty Successive Creampies For The Boss's Secretary (2015)","","IESP-605",""
"15291","pending","","jav code / metadata lookup","IPZ-038","/downloads/usenet/_complete/xxx/Minori.Hatsune.IPZ-038.Jav.Censored.DVDRip.X264-MotTto/Minori.Hatsune.IPZ-038.Jav.Censored.DVDRip.X264-MotTto.mp4","IPZ-038","Minori","Hatsune IPZ 038 Jav Censored","","Minori","Hatsune IPZ 038 Jav Censored","","IPZ-038",""
"15149","pending","","jav code / metadata lookup","IPZ-158","/downloads/usenet/_complete/xxx/Airi.Kijima.IPZ-158.JAV.Censored.DVDRip.x264-iCHiBaN/Airi.Kijima.IPZ-158.JAV.Censored.DVDRip.x264-iCHiBaN.mp4","IPZ-158","Airi","Kijima IPZ 158 JAV Censored","","Airi","Kijima IPZ 158 JAV Censored","","IPZ-158",""
"15225","pending","","jav code / metadata lookup","JUC-691","/downloads/usenet/_complete/xxx/Dumb.Maid.Wife.JUC-691.Jav.Censored.DVDRip.XviD-MotTto/mottto-juc691-cd1.avi","JUC-691","mottto","juc691 cd1","","mottto","juc691 cd1","","JUC-691",""
"15226","pending","","jav code / metadata lookup","JUC-691","/downloads/usenet/_complete/xxx/Dumb.Maid.Wife.JUC-691.Jav.Censored.DVDRip.XviD-MotTto/mottto-juc691-cd2.avi","JUC-691","mottto","juc691 cd2","","mottto","juc691 cd2","","JUC-691",""
"15233","pending","","jav code / metadata lookup","MIAD-495","/downloads/usenet/_complete/xxx/Fetish.Body.MIAD-495.Jav.Censored.XXX.DVDRip.XviD-MotTto/mottto-miad495-cd1.avi","MIAD-495","mottto","miad495 cd1","","mottto","miad495 cd1","","MIAD-495",""
"15234","pending","","jav code / metadata lookup","MIAD-495","/downloads/usenet/_complete/xxx/Fetish.Body.MIAD-495.Jav.Censored.XXX.DVDRip.XviD-MotTto/mottto-miad495-cd2.avi","MIAD-495","mottto","miad495 cd2","","mottto","miad495 cd2","","MIAD-495",""
"15294","pending","","jav code / metadata lookup","MIAD-628","/downloads/usenet/_complete/xxx/Narumiya.Cana.MIAD-628.JAV.Censored.DVDRip.x264-iCHiBaN/Narumiya.Cana.MIAD-628.JAV.Censored.DVDRip.x264-iCHiBaN.mp4","MIAD-628","Narumiya","Cana MIAD 628 JAV Censored","","Narumiya","Cana MIAD 628 JAV Censored","","MIAD-628",""
"15341","pending","","jav code / metadata lookup","MIDA-079","/downloads/usenet/_complete/xxx/Arata.Hashimoto.JAV.MegaPACK/Arata Hashimoto JAV MegaPACK_Arina.Hashimoto-MIDA-079.mp4","MIDA-079","Arata","Hashimoto JAV MegaPACK Arina Hashimoto MIDA 079","","Arata","Hashimoto JAV MegaPACK Arina Hashimoto MIDA 079","","MIDA-079",""
"15159","pending","","jav code / metadata lookup","MIDA-319","/downloads/usenet/_complete/xxx/Arata.Hashimoto.JAV.MegaPACK/Arata Hashimoto JAV MegaPACK_Arina.Hashimoto-MIDA-319.mp4","MIDA-319","Arata","Hashimoto JAV MegaPACK Arina Hashimoto MIDA 319","","Arata","Hashimoto JAV MegaPACK Arina Hashimoto MIDA 319","","MIDA-319",""
"15284","pending","","jav code / metadata lookup","MIDD-991","/downloads/usenet/_complete/xxx/Let.Me.Sharpen.You.Up.MIDD-991.JAV.Censored.DVDRip.x264-iCHiBaN/Let.Me.Sharpen.You.Up.MIDD-991.JAV.Censored.DVDRip.x264-iCHiBaN.mp4","MIDD-991","Let","Me Sharpen You Up MIDD 991 JAV Censored","","Let","Me Sharpen You Up MIDD 991 JAV Censored","","MIDD-991",""
"15160","pending","","jav code / metadata lookup","MIDV-192","/downloads/usenet/_complete/xxx/Arata.Hashimoto.JAV.MegaPACK/Arata Hashimoto JAV MegaPACK_Arina.Hashimoto-MIDV-192.mp4","MIDV-192","Arata","Hashimoto JAV MegaPACK Arina Hashimoto MIDV 192","","Arata","Hashimoto JAV MegaPACK Arina Hashimoto MIDV 192","","MIDV-192",""
"15161","pending","","jav code / metadata lookup","MIDV-214","/downloads/usenet/_complete/xxx/Arata.Hashimoto.JAV.MegaPACK/Arata Hashimoto JAV MegaPACK_Arina.Hashimoto-MIDV-214.mp4","MIDV-214","Arata","Hashimoto JAV MegaPACK Arina Hashimoto MIDV 214","","Arata","Hashimoto JAV MegaPACK Arina Hashimoto MIDV 214","","MIDV-214",""
"15162","pending","","jav code / metadata lookup","MIDV-234","/downloads/usenet/_complete/xxx/Arata.Hashimoto.JAV.MegaPACK/Arata Hashimoto JAV MegaPACK_Arina.Hashimoto-MIDV-234.mp4","MIDV-234","Arata","Hashimoto JAV MegaPACK Arina Hashimoto MIDV 234","","Arata","Hashimoto JAV MegaPACK Arina Hashimoto MIDV 234","","MIDV-234",""
"15163","pending","","jav code / metadata lookup","MIDV-252","/downloads/usenet/_complete/xxx/Arata.Hashimoto.JAV.MegaPACK/Arata Hashimoto JAV MegaPACK_Arina.Hashimoto-MIDV-252.mp4","MIDV-252","Arata","Hashimoto JAV MegaPACK Arina Hashimoto MIDV 252","","Arata","Hashimoto JAV MegaPACK Arina Hashimoto MIDV 252","","MIDV-252",""
"15164","pending","","jav code / metadata lookup","MIDV-354","/downloads/usenet/_complete/xxx/Arata.Hashimoto.JAV.MegaPACK/Arata Hashimoto JAV MegaPACK_Arina.Hashimoto-MIDV-354.mp4","MIDV-354","Arata","Hashimoto JAV MegaPACK Arina Hashimoto MIDV 354","","Arata","Hashimoto JAV MegaPACK Arina Hashimoto MIDV 354","","MIDV-354",""
"15165","pending","","jav code / metadata lookup","MIDV-472","/downloads/usenet/_complete/xxx/Arata.Hashimoto.JAV.MegaPACK/Arata Hashimoto JAV MegaPACK_Arina.Hashimoto-MIDV-472.mp4","MIDV-472","Arata","Hashimoto JAV MegaPACK Arina Hashimoto MIDV 472","","Arata","Hashimoto JAV MegaPACK Arina Hashimoto MIDV 472","","MIDV-472",""
"15166","pending","","jav code / metadata lookup","MIDV-502","/downloads/usenet/_complete/xxx/Arata.Hashimoto.JAV.MegaPACK/Arata Hashimoto JAV MegaPACK_Arina.Hashimoto-MIDV-502.mp4","MIDV-502","Arata","Hashimoto JAV MegaPACK Arina Hashimoto MIDV 502","","Arata","Hashimoto JAV MegaPACK Arina Hashimoto MIDV 502","","MIDV-502",""
"15167","pending","","jav code / metadata lookup","MIDV-561","/downloads/usenet/_complete/xxx/Arata.Hashimoto.JAV.MegaPACK/Arata Hashimoto JAV MegaPACK_Arina.Hashimoto-MIDV-561.mp4","MIDV-561","Arata","Hashimoto JAV MegaPACK Arina Hashimoto MIDV 561","","Arata","Hashimoto JAV MegaPACK Arina Hashimoto MIDV 561","","MIDV-561",""
"15168","pending","","jav code / metadata lookup","MIDV-653","/downloads/usenet/_complete/xxx/Arata.Hashimoto.JAV.MegaPACK/Arata Hashimoto JAV MegaPACK_Arina.Hashimoto-MIDV-653.mp4","MIDV-653","Arata","Hashimoto JAV MegaPACK Arina Hashimoto MIDV 653","","Arata","Hashimoto JAV MegaPACK Arina Hashimoto MIDV 653","","MIDV-653",""
"15169","pending","","jav code / metadata lookup","MIDV-786","/downloads/usenet/_complete/xxx/Arata.Hashimoto.JAV.MegaPACK/Arata Hashimoto JAV MegaPACK_Arina.Hashimoto-MIDV-786.mp4","MIDV-786","Arata","Hashimoto JAV MegaPACK Arina Hashimoto MIDV 786","","Arata","Hashimoto JAV MegaPACK Arina Hashimoto MIDV 786","","MIDV-786",""
"15170","pending","","jav code / metadata lookup","MIDV-850","/downloads/usenet/_complete/xxx/Arata.Hashimoto.JAV.MegaPACK/Arata Hashimoto JAV MegaPACK_Arina.Hashimoto-MIDV-850.mp4","MIDV-850","Arata","Hashimoto JAV MegaPACK Arina Hashimoto MIDV 850","","Arata","Hashimoto JAV MegaPACK Arina Hashimoto MIDV 850","","MIDV-850",""
"15172","pending","","jav code / metadata lookup","MIDV-959","/downloads/usenet/_complete/xxx/Arata.Hashimoto.JAV.MegaPACK/Arata Hashimoto JAV MegaPACK_Arina.Hashimoto-MIDV-959.mp4","MIDV-959","Arata","Hashimoto JAV MegaPACK Arina Hashimoto MIDV 959","","Arata","Hashimoto JAV MegaPACK Arina Hashimoto MIDV 959","","MIDV-959",""
"15150","pending","","jav code / metadata lookup","MXGS-537","/downloads/usenet/_complete/xxx/Akiho.Yoshizawa.MXGS-537.JAV.Censored.DVDRip.x264-iCHiBaN/Akiho.Yoshizawa.MXGS-537.JAV.Censored.DVDRip.x264-iCHiBaN.mp4","MXGS-537","Akiho","Yoshizawa MXGS 537 JAV Censored","","Akiho","Yoshizawa MXGS 537 JAV Censored","","MXGS-537",""
"15171","pending","","jav code / metadata lookup","OFJE-076","/downloads/usenet/_complete/xxx/Arata.Hashimoto.JAV.MegaPACK/Arata Hashimoto JAV MegaPACK_Arina.Hashimoto-OFJE-076.mp4","OFJE-076","Arata","Hashimoto JAV MegaPACK Arina Hashimoto OFJE 076","","Arata","Hashimoto JAV MegaPACK Arina Hashimoto OFJE 076","","OFJE-076",""
"15173","pending","","jav code / metadata lookup","OFJE-112","/downloads/usenet/_complete/xxx/Arata.Hashimoto.JAV.MegaPACK/Arata Hashimoto JAV MegaPACK_Arina.Hashimoto-OFJE-112.mp4","OFJE-112","Arata","Hashimoto JAV MegaPACK Arina Hashimoto OFJE 112","","Arata","Hashimoto JAV MegaPACK Arina Hashimoto OFJE 112","","OFJE-112",""
"15174","pending","","jav code / metadata lookup","OFJE-196","/downloads/usenet/_complete/xxx/Arata.Hashimoto.JAV.MegaPACK/Arata Hashimoto JAV MegaPACK_Arina.Hashimoto-OFJE-196.mp4","OFJE-196","Arata","Hashimoto JAV MegaPACK Arina Hashimoto OFJE 196","","Arata","Hashimoto JAV MegaPACK Arina Hashimoto OFJE 196","","OFJE-196",""
"15175","pending","","jav code / metadata lookup","OFJE-267","/downloads/usenet/_complete/xxx/Arata.Hashimoto.JAV.MegaPACK/Arata Hashimoto JAV MegaPACK_Arina.Hashimoto-OFJE-267.mp4","OFJE-267","Arata","Hashimoto JAV MegaPACK Arina Hashimoto OFJE 267","","Arata","Hashimoto JAV MegaPACK Arina Hashimoto OFJE 267","","OFJE-267",""
"15203","pending","","jav code / metadata lookup","PGD-654","/downloads/usenet/_complete/xxx/Asami.Ogawa.PGD-654.JAV.Censored.DVDRip.x264-iCHiBaN/Asami.Ogawa.PGD-654.JAV.Censored.DVDRip.x264-iCHiBaN.mp4","PGD-654","Asami","Ogawa PGD 654 JAV Censored","","Asami","Ogawa PGD 654 JAV Censored","","PGD-654",""
"15176","pending","","jav code / metadata lookup","SIVR-030","/downloads/usenet/_complete/xxx/Arata.Hashimoto.JAV.MegaPACK/Arata Hashimoto JAV MegaPACK_Arina.Hashimoto-SIVR-030.mp4","SIVR-030","Arata","Hashimoto JAV MegaPACK Arina Hashimoto SIVR 030","","Arata","Hashimoto JAV MegaPACK Arina Hashimoto SIVR 030","","SIVR-030",""
"15177","pending","","jav code / metadata lookup","SNIS-632","/downloads/usenet/_complete/xxx/Arata.Hashimoto.JAV.MegaPACK/Arata Hashimoto JAV MegaPACK_Arina.Hashimoto-SNIS-632.mp4","SNIS-632","Arata","Hashimoto JAV MegaPACK Arina Hashimoto SNIS 632","","Arata","Hashimoto JAV MegaPACK Arina Hashimoto SNIS 632","","SNIS-632",""
"15178","pending","","jav code / metadata lookup","SNIS-648","/downloads/usenet/_complete/xxx/Arata.Hashimoto.JAV.MegaPACK/Arata Hashimoto JAV MegaPACK_Arina.Hashimoto-SNIS-648.mp4","SNIS-648","Arata","Hashimoto JAV MegaPACK Arina Hashimoto SNIS 648","","Arata","Hashimoto JAV MegaPACK Arina Hashimoto SNIS 648","","SNIS-648",""
"15179","pending","","jav code / metadata lookup","SNIS-716","/downloads/usenet/_complete/xxx/Arata.Hashimoto.JAV.MegaPACK/Arata Hashimoto JAV MegaPACK_Arina.Hashimoto-SNIS-716.mp4","SNIS-716","Arata","Hashimoto JAV MegaPACK Arina Hashimoto SNIS 716","","Arata","Hashimoto JAV MegaPACK Arina Hashimoto SNIS 716","","SNIS-716",""
"15180","pending","","jav code / metadata lookup","SNIS-778","/downloads/usenet/_complete/xxx/Arata.Hashimoto.JAV.MegaPACK/Arata Hashimoto JAV MegaPACK_Arina.Hashimoto-SNIS-778.mp4","SNIS-778","Arata","Hashimoto JAV MegaPACK Arina Hashimoto SNIS 778","","Arata","Hashimoto JAV MegaPACK Arina Hashimoto SNIS 778","","SNIS-778",""
"15181","pending","","jav code / metadata lookup","SNIS-803","/downloads/usenet/_complete/xxx/Arata.Hashimoto.JAV.MegaPACK/Arata Hashimoto JAV MegaPACK_Arina.Hashimoto-SNIS-803.mp4","SNIS-803","Arata","Hashimoto JAV MegaPACK Arina Hashimoto SNIS 803","","Arata","Hashimoto JAV MegaPACK Arina Hashimoto SNIS 803","","SNIS-803",""
"15182","pending","","jav code / metadata lookup","SNIS-854","/downloads/usenet/_complete/xxx/Arata.Hashimoto.JAV.MegaPACK/Arata Hashimoto JAV MegaPACK_Arina.Hashimoto-SNIS-854.mp4","SNIS-854","Arata","Hashimoto JAV MegaPACK Arina Hashimoto SNIS 854","","Arata","Hashimoto JAV MegaPACK Arina Hashimoto SNIS 854","","SNIS-854",""
"15183","pending","","jav code / metadata lookup","SNIS-946","/downloads/usenet/_complete/xxx/Arata.Hashimoto.JAV.MegaPACK/Arata Hashimoto JAV MegaPACK_Arina.Hashimoto-SNIS-946.mp4","SNIS-946","Arata","Hashimoto JAV MegaPACK Arina Hashimoto SNIS 946","","Arata","Hashimoto JAV MegaPACK Arina Hashimoto SNIS 946","","SNIS-946",""
"15184","pending","","jav code / metadata lookup","SNIS-992","/downloads/usenet/_complete/xxx/Arata.Hashimoto.JAV.MegaPACK/Arata Hashimoto JAV MegaPACK_Arina.Hashimoto-SNIS-992.mp4","SNIS-992","Arata","Hashimoto JAV MegaPACK Arina Hashimoto SNIS 992","","Arata","Hashimoto JAV MegaPACK Arina Hashimoto SNIS 992","","SNIS-992",""
"15366","pending","","jav code / metadata lookup","SOE-589","/downloads/usenet/_complete/xxx/Ruri.Saijou.Part4.Pack.XXX-U4A/soe-589.avi","SOE-589","soe","589","","soe","589","","SOE-589",""
"15367","pending","","jav code / metadata lookup","SOE-604","/downloads/usenet/_complete/xxx/Ruri.Saijou.Part4.Pack.XXX-U4A/soe-604.avi","SOE-604","soe","604","","soe","604","","SOE-604",""
"15185","pending","","jav code / metadata lookup","SSNI-014","/downloads/usenet/_complete/xxx/Arata.Hashimoto.JAV.MegaPACK/Arata Hashimoto JAV MegaPACK_Arina.Hashimoto-SSNI-014.mp4","SSNI-014","Arata","Hashimoto JAV MegaPACK Arina Hashimoto SSNI 014","","Arata","Hashimoto JAV MegaPACK Arina Hashimoto SSNI 014","","SSNI-014",""
"15186","pending","","jav code / metadata lookup","SSNI-036","/downloads/usenet/_complete/xxx/Arata.Hashimoto.JAV.MegaPACK/Arata Hashimoto JAV MegaPACK_Arina.Hashimoto-SSNI-036.mp4","SSNI-036","Arata","Hashimoto JAV MegaPACK Arina Hashimoto SSNI 036","","Arata","Hashimoto JAV MegaPACK Arina Hashimoto SSNI 036","","SSNI-036",""
"15187","pending","","jav code / metadata lookup","SSNI-056","/downloads/usenet/_complete/xxx/Arata.Hashimoto.JAV.MegaPACK/Arata Hashimoto JAV MegaPACK_Arina.Hashimoto-SSNI-056-javguru.mp4","SSNI-056","Arata","Hashimoto JAV MegaPACK Arina Hashimoto SSNI 056 javguru","","Arata","Hashimoto JAV MegaPACK Arina Hashimoto SSNI 056 javguru","","SSNI-056",""
"15188","pending","","jav code / metadata lookup","SSNI-081","/downloads/usenet/_complete/xxx/Arata.Hashimoto.JAV.MegaPACK/Arata Hashimoto JAV MegaPACK_Arina.Hashimoto-SSNI-081-javguru.mp4","SSNI-081","Arata","Hashimoto JAV MegaPACK Arina Hashimoto SSNI 081 javguru","","Arata","Hashimoto JAV MegaPACK Arina Hashimoto SSNI 081 javguru","","SSNI-081",""
"15189","pending","","jav code / metadata lookup","SSNI-106","/downloads/usenet/_complete/xxx/Arata.Hashimoto.JAV.MegaPACK/Arata Hashimoto JAV MegaPACK_Arina.Hashimoto-SSNI-106-javguru.mp4","SSNI-106","Arata","Hashimoto JAV MegaPACK Arina Hashimoto SSNI 106 javguru","","Arata","Hashimoto JAV MegaPACK Arina Hashimoto SSNI 106 javguru","","SSNI-106",""
"15190","pending","","jav code / metadata lookup","SSNI-132","/downloads/usenet/_complete/xxx/Arata.Hashimoto.JAV.MegaPACK/Arata Hashimoto JAV MegaPACK_Arina.Hashimoto-SSNI-132.mp4","SSNI-132","Arata","Hashimoto JAV MegaPACK Arina Hashimoto SSNI 132","","Arata","Hashimoto JAV MegaPACK Arina Hashimoto SSNI 132","","SSNI-132",""
"15191","pending","","jav code / metadata lookup","SSNI-157","/downloads/usenet/_complete/xxx/Arata.Hashimoto.JAV.MegaPACK/Arata Hashimoto JAV MegaPACK_Arina.Hashimoto-SSNI-157-javguru.mp4","SSNI-157","Arata","Hashimoto JAV MegaPACK Arina Hashimoto SSNI 157 javguru","","Arata","Hashimoto JAV MegaPACK Arina Hashimoto SSNI 157 javguru","","SSNI-157",""
"15192","pending","","jav code / metadata lookup","SSNI-233","/downloads/usenet/_complete/xxx/Arata.Hashimoto.JAV.MegaPACK/Arata Hashimoto JAV MegaPACK_Arina.Hashimoto-SSNI-233.mp4","SSNI-233","Arata","Hashimoto JAV MegaPACK Arina Hashimoto SSNI 233","","Arata","Hashimoto JAV MegaPACK Arina Hashimoto SSNI 233","","SSNI-233",""
"15193","pending","","jav code / metadata lookup","SSNI-258","/downloads/usenet/_complete/xxx/Arata.Hashimoto.JAV.MegaPACK/Arata Hashimoto JAV MegaPACK_Arina.Hashimoto-SSNI-258.mp4","SSNI-258","Arata","Hashimoto JAV MegaPACK Arina Hashimoto SSNI 258","","Arata","Hashimoto JAV MegaPACK Arina Hashimoto SSNI 258","","SSNI-258",""
"15194","pending","","jav code / metadata lookup","SSNI-284","/downloads/usenet/_complete/xxx/Arata.Hashimoto.JAV.MegaPACK/Arata Hashimoto JAV MegaPACK_Arina.Hashimoto-SSNI-284.mp4","SSNI-284","Arata","Hashimoto JAV MegaPACK Arina Hashimoto SSNI 284","","Arata","Hashimoto JAV MegaPACK Arina Hashimoto SSNI 284","","SSNI-284",""
"15195","pending","","jav code / metadata lookup","SSNI-305","/downloads/usenet/_complete/xxx/Arata.Hashimoto.JAV.MegaPACK/Arata Hashimoto JAV MegaPACK_Arina.Hashimoto-SSNI-305-JG3.mp4","SSNI-305","Arata","Hashimoto JAV MegaPACK Arina Hashimoto SSNI 305 JG3","","Arata","Hashimoto JAV MegaPACK Arina Hashimoto SSNI 305 JG3","","SSNI-305",""
"15196","pending","","jav code / metadata lookup","SSNI-326","/downloads/usenet/_complete/xxx/Arata.Hashimoto.JAV.MegaPACK/Arata Hashimoto JAV MegaPACK_Arina.Hashimoto-SSNI-326.mp4","SSNI-326","Arata","Hashimoto JAV MegaPACK Arina Hashimoto SSNI 326","","Arata","Hashimoto JAV MegaPACK Arina Hashimoto SSNI 326","","SSNI-326",""
"15197","pending","","jav code / metadata lookup","SSNI-369","/downloads/usenet/_complete/xxx/Arata.Hashimoto.JAV.MegaPACK/Arata Hashimoto JAV MegaPACK_Arina.Hashimoto-SSNI-369.mp4","SSNI-369","Arata","Hashimoto JAV MegaPACK Arina Hashimoto SSNI 369","","Arata","Hashimoto JAV MegaPACK Arina Hashimoto SSNI 369","","SSNI-369",""
"15198","pending","","jav code / metadata lookup","SSNI-413","/downloads/usenet/_complete/xxx/Arata.Hashimoto.JAV.MegaPACK/Arata Hashimoto JAV MegaPACK_Arina.Hashimoto-SSNI-413-javguru.mp4","SSNI-413","Arata","Hashimoto JAV MegaPACK Arina Hashimoto SSNI 413 javguru","","Arata","Hashimoto JAV MegaPACK Arina Hashimoto SSNI 413 javguru","","SSNI-413",""
"15199","pending","","jav code / metadata lookup","SSNI-520","/downloads/usenet/_complete/xxx/Arata.Hashimoto.JAV.MegaPACK/Arata Hashimoto JAV MegaPACK_Arina.Hashimoto-SSNI-520-javguru.mp4","SSNI-520","Arata","Hashimoto JAV MegaPACK Arina Hashimoto SSNI 520 javguru","","Arata","Hashimoto JAV MegaPACK Arina Hashimoto SSNI 520 javguru","","SSNI-520",""
"15200","pending","","jav code / metadata lookup","SSNI-593","/downloads/usenet/_complete/xxx/Arata.Hashimoto.JAV.MegaPACK/Arata Hashimoto JAV MegaPACK_Arina.Hashimoto-SSNI-593.mp4","SSNI-593","Arata","Hashimoto JAV MegaPACK Arina Hashimoto SSNI 593","","Arata","Hashimoto JAV MegaPACK Arina Hashimoto SSNI 593","","SSNI-593",""
"15201","pending","","jav code / metadata lookup","SSNI-621","/downloads/usenet/_complete/xxx/Arata.Hashimoto.JAV.MegaPACK/Arata Hashimoto JAV MegaPACK_Arina.Hashimoto-SSNI-621.mp4","SSNI-621","Arata","Hashimoto JAV MegaPACK Arina Hashimoto SSNI 621","","Arata","Hashimoto JAV MegaPACK Arina Hashimoto SSNI 621","","SSNI-621",""
"15202","pending","","jav code / metadata lookup","SSNI-706","/downloads/usenet/_complete/xxx/Arata.Hashimoto.JAV.MegaPACK/Arata Hashimoto JAV MegaPACK_Arina.Hashimoto-SSNI-706.mp4","SSNI-706","Arata","Hashimoto JAV MegaPACK Arina Hashimoto SSNI 706","","Arata","Hashimoto JAV MegaPACK Arina Hashimoto SSNI 706","","SSNI-706",""
"15290","pending","","jav code / metadata lookup","STAR-456","/downloads/usenet/_complete/xxx/Marina.Shiraishi.STAR-456.JAV.Censored.DVDRip.x264-iCHiBaN/Marina.Shiraishi.STAR-456.JAV.Censored.DVDRip.x264-iCHiBaN.mp4","STAR-456","Marina","Shiraishi STAR 456 JAV Censored","","Marina","Shiraishi STAR 456 JAV Censored","","STAR-456",""
"15368","pending","","jav code / metadata lookup","TYOD-205","/downloads/usenet/_complete/xxx/Ruri.Saijou.Part6.Pack.XXX-U4A/tyod-205.avi","TYOD-205","tyod","205","","tyod","205","","TYOD-205",""
"15369","pending","","jav code / metadata lookup","VAGU-057","/downloads/usenet/_complete/xxx/Ruri.Saijou.Part6.Pack.XXX-U4A/vagu-057.avi","VAGU-057","vagu","057","","vagu","057","","VAGU-057",""
"15370","pending","","jav code / metadata lookup","WDI-037","/downloads/usenet/_complete/xxx/Ruri.Saijou.Part6.Pack.XXX-U4A/wdi-037.avi","WDI-037","wdi","037","","wdi","037","","WDI-037",""
"15371","pending","","jav code / metadata lookup","WSS-245","/downloads/usenet/_complete/xxx/Ruri.Saijou.Part6.Pack.XXX-U4A/wss-245.avi","WSS-245","wss","245","","wss","245","","WSS-245",""
